,Date,Time,Close,Volume_in_asset,Volume_in_USDT
0,2017-08-17,23:59:59.999000,4285.08,795.150377,3.4072829774751603
1,2017-08-18,23:59:59.999000,4108.37,1199.888264,4.929584947169679
2,2017-08-19,23:59:59.999000,4139.98,381.309763,1.5786147926247398
3,2017-08-20,23:59:59.999000,4086.29,467.083022,1.90863668196838
4,2017-08-21,23:59:59.999000,4016.0,691.74306,2.77804012896
5,2017-08-22,23:59:59.999000,4040.0,966.684858,3.90540682632
6,2017-08-23,23:59:59.999000,4114.01,1001.136565,4.11868583977565
7,2017-08-24,23:59:59.999000,4316.01,787.418753,3.3985072121355304
8,2017-08-25,23:59:59.999000,4280.68,573.61274,2.4554525838632
9,2017-08-26,23:59:59.999000,4337.44,228.108068,0.98940505846592
10,2017-08-27,23:59:59.999000,4310.01,350.692585,1.51148854827585
11,2017-08-28,23:59:59.999000,4386.69,603.841616,2.64886597849104
12,2017-08-29,23:59:59.999000,4587.48,603.545028,2.7687507450494397
13,2017-08-30,23:59:59.999000,4555.14,808.468771,3.68268843753294
14,2017-08-31,23:59:59.999000,4724.89,556.956802,2.6315596242017802
15,2017-09-01,23:59:59.999000,4834.91,560.666366,2.7107714196370605
16,2017-09-02,23:59:59.999000,4472.14,929.148595,4.155282597643301
17,2017-09-03,23:59:59.999000,4509.08,691.216198,3.1167491340778395
18,2017-09-04,23:59:59.999000,4100.11,1394.644614,5.71819632830754
19,2017-09-05,23:59:59.999000,4366.47,1228.938157,5.36612159439579
20,2017-09-06,23:59:59.999000,4619.77,807.363726,3.7298347204630207
21,2017-09-07,23:59:59.999000,4691.61,500.429975,2.34782227500975
22,2017-09-08,23:59:59.999000,4282.8,1132.255046,4.8492219110088
23,2017-09-09,23:59:59.999000,4258.81,658.782952,2.8056314238071205
24,2017-09-10,23:59:59.999000,4130.37,660.373275,2.72758596386175
25,2017-09-11,23:59:59.999000,4208.47,699.989065,2.94588298038055
26,2017-09-12,23:59:59.999000,4163.72,879.630319,3.66253435182668
27,2017-09-13,23:59:59.999000,3944.69,913.462545,3.60332656663605
28,2017-09-14,23:59:59.999000,3189.02,1665.021543,5.3097870010578605
29,2017-09-15,23:59:59.999000,3700.0,1968.866492,7.2848060204000005
30,2017-09-16,23:59:59.999000,3714.95,1297.563953,4.820385207197351
31,2017-09-17,23:59:59.999000,3699.99,682.17121,2.5240266552878996
32,2017-09-18,23:59:59.999000,4035.01,1030.006455,4.15608634598955
33,2017-09-19,23:59:59.999000,3910.04,902.332129,3.52815471767516
34,2017-09-20,23:59:59.999000,3900.0,720.935076,2.8116467964
35,2017-09-21,23:59:59.999000,3609.99,1001.654084,3.61596122669916
36,2017-09-22,23:59:59.999000,3595.87,838.966425,3.01681419866475
37,2017-09-23,23:59:59.999000,3780.0,752.792791,2.8455567499799996
38,2017-09-24,23:59:59.999000,3660.02,661.63639,2.4216024201278
39,2017-09-25,23:59:59.999000,3920.75,727.994713,2.85428527099475
40,2017-09-26,23:59:59.999000,3882.35,526.727987,2.04494240032945
41,2017-09-27,23:59:59.999000,4193.0,628.170966,2.633920860438
42,2017-09-28,23:59:59.999000,4174.5,849.785325,3.5474288392124995
43,2017-09-29,23:59:59.999000,4174.69,1602.309565,6.68914571790985
44,2017-09-30,23:59:59.999000,4378.51,720.353183,3.15407361529733
45,2017-10-01,23:59:59.999000,4378.48,726.963685,3.1829959554988
46,2017-10-02,23:59:59.999000,4380.0,655.756974,2.87221554612
47,2017-10-03,23:59:59.999000,4310.0,1082.323563,4.66481455653
48,2017-10-04,23:59:59.999000,4208.59,868.465101,3.65501353941759
49,2017-10-05,23:59:59.999000,4292.43,779.138638,3.3443980639103406
50,2017-10-06,23:59:59.999000,4369.0,506.529176,2.2130259699440002
51,2017-10-07,23:59:59.999000,4423.0,297.5975,1.3162737425000002
52,2017-10-08,23:59:59.999000,4640.0,518.462004,2.4056636985599997
53,2017-10-09,23:59:59.999000,4786.95,646.463145,3.09458675195775
54,2017-10-10,23:59:59.999000,4783.06,1043.221773,4.98979233356538
55,2017-10-11,23:59:59.999000,4821.43,753.429396,3.63260709275628
56,2017-10-12,23:59:59.999000,5430.0,1276.701482,6.93248904726
57,2017-10-13,23:59:59.999000,5649.98,1879.82762,10.6209884564476
58,2017-10-14,23:59:59.999000,5869.99,970.759046,5.69834589242954
59,2017-10-15,23:59:59.999000,5709.99,1343.523375,7.67150503601625
60,2017-10-16,23:59:59.999000,5760.02,1528.996462,8.80705020104924
61,2017-10-17,23:59:59.999000,5595.0,1429.869376,8.00011915872
62,2017-10-18,23:59:59.999000,5512.06,2317.804373,12.775876772238382
63,2017-10-19,23:59:59.999000,5683.9,1881.722107,10.6955202839773
64,2017-10-20,23:59:59.999000,6010.01,1972.97722,11.8576128219722
65,2017-10-21,23:59:59.999000,6024.97,1664.307693,10.02740392109421
66,2017-10-22,23:59:59.999000,5950.02,1362.092216,8.104475927044321
67,2017-10-23,23:59:59.999000,5915.93,1812.557715,10.722964562899952
68,2017-10-24,23:59:59.999000,5477.03,2580.418767,14.13303099942201
69,2017-10-25,23:59:59.999000,5689.99,2282.813205,12.98918430831795
70,2017-10-26,23:59:59.999000,5861.77,1972.965882,11.56507221813114
71,2017-10-27,23:59:59.999000,5768.83,1403.706416,8.09774368381328
72,2017-10-28,23:59:59.999000,5719.64,1276.754412,7.302575605051681
73,2017-10-29,23:59:59.999000,6169.98,1804.778173,11.13544523184654
74,2017-10-30,23:59:59.999000,6120.5,1473.687043,9.0197015466815
75,2017-10-31,23:59:59.999000,6463.0,1511.774925,9.770601340274998
76,2017-11-01,23:59:59.999000,6753.98,1675.615188,11.317071467448239
77,2017-11-02,23:59:59.999000,7019.98,2503.610803,17.575297764843942
78,2017-11-03,23:59:59.999000,7115.04,1891.497592,13.458081026983681
79,2017-11-04,23:59:59.999000,7357.09,1399.191767,10.29397975707803
80,2017-11-05,23:59:59.999000,7345.01,1207.83233,8.8715405421733
81,2017-11-06,23:59:59.999000,6960.12,1763.019261,12.27082561887132
82,2017-11-07,23:59:59.999000,7064.04,1440.259494,10.17405067599576
83,2017-11-08,23:59:59.999000,7303.0,2822.298802,20.611248151006
84,2017-11-09,23:59:59.999000,7079.99,1913.398308,13.54684088665692
85,2017-11-10,23:59:59.999000,6506.98,3254.704105,21.1782945171529
86,2017-11-11,23:59:59.999000,6245.05,2754.156861,17.19984730478805
87,2017-11-12,23:59:59.999000,5811.03,4968.483069,28.872004168451067
88,2017-11-13,23:59:59.999000,6465.99,2621.243039,16.948931277743608
89,2017-11-14,23:59:59.999000,6574.99,1254.292531,8.24696084839969
90,2017-11-15,23:59:59.999000,7240.06,1779.605845,12.884453094150702
91,2017-11-16,23:59:59.999000,7864.5,2331.95675,18.339673860374997
92,2017-11-17,23:59:59.999000,7699.19,3982.395925,30.66122288180075
93,2017-11-18,23:59:59.999000,7761.94,3954.266477,30.69277913848538
94,2017-11-19,23:59:59.999000,8038.0,3867.340444,31.085682488872
95,2017-11-20,23:59:59.999000,8212.0,3886.634348,31.917041265776
96,2017-11-21,23:59:59.999000,8119.51,4544.474016,36.898902217652164
97,2017-11-22,23:59:59.999000,8205.92,3545.00571,29.090033255803203
98,2017-11-23,23:59:59.999000,8019.99,4093.952687,32.83345961021313
99,2017-11-24,23:59:59.999000,8138.0,4411.789112,35.903139793456006
100,2017-11-25,23:59:59.999000,8700.01,4292.623682,37.345868959636825
101,2017-11-26,23:59:59.999000,9128.02,4147.380237,37.85736975094075
102,2017-11-27,23:59:59.999000,9650.0,4521.625707,43.63368807255
103,2017-11-28,23:59:59.999000,9896.8,4917.210985,48.664653676347996
104,2017-11-29,23:59:59.999000,9687.88,13352.538715,129.3577927662742
105,2017-11-30,23:59:59.999000,9838.96,9389.574329,92.38364624005783
106,2017-12-01,23:59:59.999000,10782.99,6134.923633,66.15282018540267
107,2017-12-02,23:59:59.999000,10890.01,4765.439757,51.89568660812757
108,2017-12-03,23:59:59.999000,11165.41,5346.636524,59.697388911434835
109,2017-12-04,23:59:59.999000,11579.0,4663.424562,53.997793003398
110,2017-12-05,23:59:59.999000,11699.99,5550.732055,64.94350953617945
111,2017-12-06,23:59:59.999000,13550.05,6707.946319,90.89300801976594
112,2017-12-07,23:59:59.999000,16599.0,7487.065695,124.27780347130499
113,2017-12-08,23:59:59.999000,15880.0,17589.013136,279.31352859968
114,2017-12-09,23:59:59.999000,14656.07,13918.758687,203.9943016297801
115,2017-12-10,23:59:59.999000,14899.98,16553.037173,246.63992281695656
116,2017-12-11,23:59:59.999000,16587.97,11820.401762,196.07646981600314
117,2017-12-12,23:59:59.999000,16349.99,9436.802411,154.29162505182592
118,2017-12-13,23:59:59.999000,16033.29,12416.328801,199.0746004017853
119,2017-12-14,23:59:59.999000,16334.98,11616.867151,189.761292574242
120,2017-12-15,23:59:59.999000,17539.83,9181.273947,161.037984213809
121,2017-12-16,23:59:59.999000,19102.66,4202.628709,80.28138733426593
122,2017-12-17,23:59:59.999000,18860.02,9177.183434,173.0818631089087
123,2017-12-18,23:59:59.999000,18856.25,10624.633071,200.34073734504375
124,2017-12-19,23:59:59.999000,17295.2,13210.74822,228.482532614544
125,2017-12-20,23:59:59.999000,16488.98,13450.496693,221.78497096094313
126,2017-12-21,23:59:59.999000,15492.64,20324.2173,314.875781910672
127,2017-12-22,23:59:59.999000,13326.61,36076.271175,480.7743962034668
128,2017-12-23,23:59:59.999000,13300.0,13141.538875,174.7824670375
129,2017-12-24,23:59:59.999000,13500.0,28557.534988,385.526722338
130,2017-12-25,23:59:59.999000,13699.34,15748.207607,215.7400503988794
131,2017-12-26,23:59:59.999000,15689.01,15034.668104,235.87905823033705
132,2017-12-27,23:59:59.999000,15459.99,14959.864723,231.27935901893278
133,2017-12-28,23:59:59.999000,14182.11,21717.858014,308.00505131892953
134,2017-12-29,23:59:59.999000,14378.9,18072.008116,259.8555974991524
135,2017-12-30,23:59:59.999000,12440.01,19221.158039,239.11139821674044
136,2017-12-31,23:59:59.999000,13716.36,11768.989718,161.4276998083865
137,2018-01-01,23:59:59.999000,13380.0,8609.915844,115.20067399272
138,2018-01-02,23:59:59.999000,14675.11,20078.092111,294.6482103190572
139,2018-01-03,23:59:59.999000,14919.51,15905.667639,237.30476739673688
140,2018-01-04,23:59:59.999000,15059.54,21329.649574,321.214710945636
141,2018-01-05,23:59:59.999000,16960.39,23251.491125,394.35435756153873
142,2018-01-06,23:59:59.999000,17069.79,18571.457508,317.0108796554833
143,2018-01-07,23:59:59.999000,16150.03,12493.125558,201.76435255546673
144,2018-01-08,23:59:59.999000,14902.54,26600.609912,396.4166532379765
145,2018-01-09,23:59:59.999000,14400.0,14315.004253,206.13606124319998
146,2018-01-10,23:59:59.999000,14907.09,17411.001655,259.547368661234
147,2018-01-11,23:59:59.999000,13238.78,33554.723751,444.2236057002638
148,2018-01-12,23:59:59.999000,13740.01,16417.162137,225.57197193400137
149,2018-01-13,23:59:59.999000,14210.0,12221.508528,173.66763618288002
150,2018-01-14,23:59:59.999000,13474.99,17017.894329,229.31595590433167
151,2018-01-15,23:59:59.999000,13539.93,14652.094705,198.38833665907063
152,2018-01-16,23:59:59.999000,10900.0,63401.169175,691.0727440075001
153,2018-01-17,23:59:59.999000,10988.79,72331.796646,794.8389236655984
154,2018-01-18,23:59:59.999000,10961.97,48464.434937,531.2656818463458
155,2018-01-19,23:59:59.999000,11474.98,34129.375421,391.6339003684666
156,2018-01-20,23:59:59.999000,12799.94,28768.857827,368.23965405413037
157,2018-01-21,23:59:59.999000,11530.0,41379.773426,477.10878760178
158,2018-01-22,23:59:59.999000,10760.05,43752.606791,470.7802367014995
159,2018-01-23,23:59:59.999000,10799.18,37473.922552,404.6876349451074
160,2018-01-24,23:59:59.999000,11349.99,27158.587762,308.2496995128224
161,2018-01-25,23:59:59.999000,11175.27,20839.954183,232.89211478265443
162,2018-01-26,23:59:59.999000,11089.0,33056.87196,366.56765316444
163,2018-01-27,23:59:59.999000,11491.0,18860.768345,216.729089052395
164,2018-01-28,23:59:59.999000,11879.95,16887.339524,200.6207491781438
165,2018-01-29,23:59:59.999000,11251.0,14170.377538,159.430917680038
166,2018-01-30,23:59:59.999000,10237.51,25554.372946,261.61314857840443
167,2018-01-31,23:59:59.999000,10285.1,18015.956805,185.29591733510551
168,2018-02-01,23:59:59.999000,9224.52,33564.764311,309.6188396821057
169,2018-02-02,23:59:59.999000,8873.03,49971.626975,443.3997452979843
170,2018-02-03,23:59:59.999000,9199.96,28725.000735,264.2688577619706
171,2018-02-04,23:59:59.999000,8184.81,32014.308449,262.03103193645967
172,2018-02-05,23:59:59.999000,6939.99,63403.182579,440.0174530664342
173,2018-02-06,23:59:59.999000,7652.14,100201.500307,766.755908559207
174,2018-02-07,23:59:59.999000,7599.0,60778.460497,461.855521316703
175,2018-02-08,00:28:14.788000,7784.02,1521.537318,11.84367691405836
176,2018-02-09,23:59:59.999000,8683.92,20482.910825,177.871958971434
177,2018-02-10,23:59:59.999000,8533.98,49381.512653,421.4208413504489
178,2018-02-11,23:59:59.999000,8063.88,45025.187952,363.0777126223738
179,2018-02-12,23:59:59.999000,8903.0,41987.85049,373.81783291247
180,2018-02-13,23:59:59.999000,8539.9,35454.972956,302.78192354694437
181,2018-02-14,23:59:59.999000,9449.99,40811.952867,385.6725464736213
182,2018-02-15,23:59:59.999000,10000.09,52427.596715,524.2806856337044
183,2018-02-16,23:59:59.999000,10159.98,38161.205974,387.71708947172044
184,2018-02-17,23:59:59.999000,11039.55,41882.108407,462.3596298644968
185,2018-02-18,23:59:59.999000,10383.43,61137.380728,634.815713172537
186,2018-02-19,23:59:59.999000,11153.0,40831.417131,455.392795262043
187,2018-02-20,23:59:59.999000,11200.99,48153.354288,539.3652398463452
188,2018-02-21,23:59:59.999000,10437.6,68113.818754,710.9447946267504
189,2018-02-22,23:59:59.999000,9811.04,67060.166483,657.9299757713724
190,2018-02-23,23:59:59.999000,10131.04,57202.70237,579.5228658185649
191,2018-02-24,23:59:59.999000,9694.51,40888.156299,396.3906401222185
192,2018-02-25,23:59:59.999000,9590.0,28373.517586,272.10203364974006
193,2018-02-26,23:59:59.999000,10324.0,34878.292756,360.083494412944
194,2018-02-27,23:59:59.999000,10569.04,30705.385123,324.52644358039197
195,2018-02-28,23:59:59.999000,10326.76,30800.983782,318.07436728060634
196,2018-03-01,23:59:59.999000,10920.0,25092.55393,274.0106889156
197,2018-03-02,23:59:59.999000,11039.0,23910.71009,263.95032868351
198,2018-03-03,23:59:59.999000,11464.48,21287.15328,244.0461430354944
199,2018-03-04,23:59:59.999000,11515.0,17295.918653,199.16250328929502
200,2018-03-05,23:59:59.999000,11454.0,15144.231063,173.462022595602
201,2018-03-06,23:59:59.999000,10716.48,29515.572363,316.30304091664226
202,2018-03-07,23:59:59.999000,9910.0,50647.67108,501.9184204028
203,2018-03-08,23:59:59.999000,9271.64,41109.473226,381.15223634111067
204,2018-03-09,23:59:59.999000,9227.0,64112.291407,591.564112812389
205,2018-03-10,23:59:59.999000,8770.22,37180.012857,326.0768923587185
206,2018-03-11,23:59:59.999000,9533.57,44325.973386,422.58477009356795
207,2018-03-12,23:59:59.999000,9131.34,42230.77793,385.6235917433262
208,2018-03-13,23:59:59.999000,9150.0,40191.409358,367.7513956257
209,2018-03-14,23:59:59.999000,8170.0,49708.094108,406.11512886236
210,2018-03-15,23:59:59.999000,8240.98,52291.022277,430.9292687643114
211,2018-03-16,23:59:59.999000,8260.0,38815.409893,320.61528571618
212,2018-03-17,23:59:59.999000,7824.8,33110.206329,259.0807424831592
213,2018-03-18,23:59:59.999000,8189.99,59488.231711,487.2080228307729
214,2018-03-19,23:59:59.999000,8600.0,55297.084942,475.55493050120003
215,2018-03-20,23:59:59.999000,8909.98,44865.105835,399.74719568773327
216,2018-03-21,23:59:59.999000,8885.0,39972.405371,355.154821721335
217,2018-03-22,23:59:59.999000,8722.9,40617.556809,354.30288628922614
218,2018-03-23,23:59:59.999000,8898.03,39991.007666,355.841185942298
219,2018-03-24,23:59:59.999000,8546.86,35466.609572,303.1281466865439
220,2018-03-25,23:59:59.999000,8470.15,29001.769316,245.6493363719174
221,2018-03-26,23:59:59.999000,8134.23,44033.59566,358.17939482544176
222,2018-03-27,23:59:59.999000,7795.51,37427.64805,291.7676046502556
223,2018-03-28,23:59:59.999000,7949.3,26401.33167,209.872105844331
224,2018-03-29,23:59:59.999000,7090.14,54620.915125,387.2699351643675
225,2018-03-30,23:59:59.999000,6840.23,65306.031976,446.7082791031944
226,2018-03-31,23:59:59.999000,6923.91,36868.539087,255.27444646987016
227,2018-04-01,23:59:59.999000,6813.01,44071.430463,300.2590964587236
228,2018-04-02,23:59:59.999000,7056.0,32123.560072,226.663839868032
229,2018-04-03,23:59:59.999000,7405.21,37787.331811,279.82312740013526
230,2018-04-04,23:59:59.999000,6796.1,42227.183804,286.9801638503644
231,2018-04-05,23:59:59.999000,6770.76,39029.73146,264.26094458010965
232,2018-04-06,23:59:59.999000,6601.39,27455.01192,181.24124113856882
233,2018-04-07,23:59:59.999000,6895.8,32269.578267,222.5245578135786
234,2018-04-08,23:59:59.999000,7018.0,21427.673165,150.37941027197002
235,2018-04-09,23:59:59.999000,6782.72,34078.297206,231.14354802508035
236,2018-04-10,23:59:59.999000,6843.9,22326.728095,152.80189440937048
237,2018-04-11,23:59:59.999000,6953.79,23997.871177,166.87615661191086
238,2018-04-12,23:59:59.999000,7923.0,64861.595987,513.8984250050011
239,2018-04-13,23:59:59.999000,7877.41,55044.523148,433.60827709128665
240,2018-04-14,23:59:59.999000,7999.01,31621.286357,252.9389857825066
241,2018-04-15,23:59:59.999000,8355.0,27946.720444,233.49484930961998
242,2018-04-16,23:59:59.999000,8064.92,36664.069715,295.6927891258978
243,2018-04-17,23:59:59.999000,7885.02,32152.603567,253.52392217786635
244,2018-04-18,23:59:59.999000,8173.0,26969.04457,220.41800127060998
245,2018-04-19,23:59:59.999000,8278.0,27113.847464,224.44842930699198
246,2018-04-20,23:59:59.999000,8856.98,39795.337485,352.4665081978952
247,2018-04-21,23:59:59.999000,8915.31,40872.229909,364.3886000300068
248,2018-04-22,23:59:59.999000,8787.02,29458.25348,258.85026249382963
249,2018-04-23,23:59:59.999000,8934.01,25838.114709,230.8379751913531
250,2018-04-24,23:59:59.999000,9619.99,46268.790106,445.1052981318189
251,2018-04-25,23:59:59.999000,8869.99,81110.037589,719.4452223140541
252,2018-04-26,23:59:59.999000,9266.0,43300.304245,401.22061913417
253,2018-04-27,23:59:59.999000,8915.35,37241.347036,332.01964329740264
254,2018-04-28,23:59:59.999000,9348.0,34759.62842,324.93300647016
255,2018-04-29,23:59:59.999000,9419.0,38149.850035,359.33343747966506
256,2018-04-30,23:59:59.999000,9246.01,35002.033875,323.6291552285888
257,2018-05-01,23:59:59.999000,9071.48,41018.463633,372.0981724774868
258,2018-05-02,23:59:59.999000,9247.84,26123.543961,241.58635478429426
259,2018-05-03,23:59:59.999000,9750.0,38768.388288,377.99178580800003
260,2018-05-04,23:59:59.999000,9713.99,28681.588879,278.6126675547172
261,2018-05-05,23:59:59.999000,9864.0,24990.018345,246.50154095508
262,2018-05-06,23:59:59.999000,9659.01,27690.351559,267.46138261189657
263,2018-05-07,23:59:59.999000,9365.0,33787.640012,316.4212487123801
264,2018-05-08,23:59:59.999000,9187.56,25533.831889,234.59361251010085
265,2018-05-09,23:59:59.999000,9310.0,25673.524899,239.02051680969
266,2018-05-10,23:59:59.999000,9002.2,25055.063718,225.55069460217962
267,2018-05-11,23:59:59.999000,8400.0,48227.048061,405.1072037124
268,2018-05-12,23:59:59.999000,8465.94,40241.32081,340.6806074982114
269,2018-05-13,23:59:59.999000,8679.71,25632.869362,222.48587253004501
270,2018-05-14,23:59:59.999000,8663.34,37389.666533,323.91939366200023
271,2018-05-15,23:59:59.999000,8462.0,28126.956136,238.01030282283202
272,2018-05-16,23:59:59.999000,8330.0,31130.718908,259.31888850364
273,2018-05-17,23:59:59.999000,8041.46,25439.844799,204.57349435736654
274,2018-05-18,23:59:59.999000,8239.81,23476.158251,193.43908351817228
275,2018-05-19,23:59:59.999000,8233.49,17193.424276,141.56188684220325
276,2018-05-20,23:59:59.999000,8526.98,19957.057109,170.17342682730083
277,2018-05-21,23:59:59.999000,8381.24,21516.596486,180.3357591323226
278,2018-05-22,23:59:59.999000,7977.11,23710.902858,189.1444802975804
279,2018-05-23,23:59:59.999000,7501.95,42910.666774,321.9136766052093
280,2018-05-24,23:59:59.999000,7575.01,37845.446595,286.679636411591
281,2018-05-25,23:59:59.999000,7457.0,26739.95664,199.39985666448
282,2018-05-26,23:59:59.999000,7333.96,19464.086071,142.74882868127116
283,2018-05-27,23:59:59.999000,7338.99,18706.945515,137.29008606512986
284,2018-05-28,23:59:59.999000,7099.0,27219.438963,193.23079719833703
285,2018-05-29,23:59:59.999000,7461.29,39407.21183,294.0286355550607
286,2018-05-30,23:59:59.999000,7375.96,32041.583623,236.33743913990307
287,2018-05-31,23:59:59.999000,7485.01,30776.063102,230.35914007910102
288,2018-06-01,23:59:59.999000,7521.01,28259.124078,212.5371547818788
289,2018-06-02,23:59:59.999000,7640.03,26720.690219,204.14687489386657
290,2018-06-03,23:59:59.999000,7714.26,27505.158951,212.1819474893413
291,2018-06-04,23:59:59.999000,7487.0,32258.835115,241.52189850600502
292,2018-06-05,23:59:59.999000,7625.0,31722.973384,241.88767205300002
293,2018-06-06,23:59:59.999000,7658.84,27229.991898,208.55015114807833
294,2018-06-07,23:59:59.999000,7691.08,25062.227202,192.75559438875814
295,2018-06-08,23:59:59.999000,7603.44,23396.804671,177.89620050766825
296,2018-06-09,23:59:59.999000,7491.73,19339.885176,144.88919796959448
297,2018-06-10,23:59:59.999000,6764.99,52342.020032,354.09324209627965
298,2018-06-11,23:59:59.999000,6872.0,34552.162303,237.442459346216
299,2018-06-12,23:59:59.999000,6530.0,36722.211191,239.79603907723
300,2018-06-13,23:59:59.999000,6292.78,46185.5181,290.63530458931797
301,2018-06-14,23:59:59.999000,6635.98,44478.130837,295.1559866717152
302,2018-06-15,23:59:59.999000,6388.9,30018.329905,191.7841079300545
303,2018-06-16,23:59:59.999000,6483.98,22277.241147,144.44518605232503
304,2018-06-17,23:59:59.999000,6449.61,19847.247688,128.00700716100167
305,2018-06-18,23:59:59.999000,6712.46,31821.434995,213.6001095465377
306,2018-06-19,23:59:59.999000,6741.21,24311.421143,163.88839532340302
307,2018-06-20,23:59:59.999000,6761.51,26359.752452,178.23172980172254
308,2018-06-21,23:59:59.999000,6718.84,25428.854048,170.85240173186435
309,2018-06-22,23:59:59.999000,6045.0,52157.370833,315.291306685485
310,2018-06-23,23:59:59.999000,6149.98,26622.788589,163.72961736657822
311,2018-06-24,23:59:59.999000,6136.97,47445.998955,291.1746722068664
312,2018-06-25,23:59:59.999000,6252.0,39164.515306,244.85654969311202
313,2018-06-26,23:59:59.999000,6070.78,19377.240484,117.63496398545753
314,2018-06-27,23:59:59.999000,6133.73,19225.671098,117.92507558393552
315,2018-06-28,23:59:59.999000,5853.98,30585.266026,179.04553561088346
316,2018-06-29,23:59:59.999000,6197.92,33911.287278,210.17944564606177
317,2018-06-30,23:59:59.999000,6390.07,37919.61284,242.30898042049878
318,2018-07-01,23:59:59.999000,6356.81,27562.965974,175.21253773318293
319,2018-07-02,23:59:59.999000,6615.29,36230.452264,239.67494855751656
320,2018-07-03,23:59:59.999000,6513.86,38657.781691,251.8113778457372
321,2018-07-04,23:59:59.999000,6586.98,23571.892777,155.26758628424346
322,2018-07-05,23:59:59.999000,6529.2,35071.972898,228.99192544562158
323,2018-07-06,23:59:59.999000,6609.78,29397.094748,194.30832892343543
324,2018-07-07,23:59:59.999000,6756.98,23973.876886,161.99100664116423
325,2018-07-08,23:59:59.999000,6712.1,24622.947794,165.2716878881074
326,2018-07-09,23:59:59.999000,6662.12,26732.40655,178.09450032488598
327,2018-07-10,23:59:59.999000,6296.91,38560.672702,242.81308554395082
328,2018-07-11,23:59:59.999000,6378.07,28715.498487,183.1494594349801
329,2018-07-12,23:59:59.999000,6250.57,31306.663348,195.68449072310835
330,2018-07-13,23:59:59.999000,6214.57,26375.325286,163.91130526261702
331,2018-07-14,23:59:59.999000,6251.99,17783.071999,111.17958830702801
332,2018-07-15,23:59:59.999000,6353.01,22979.211508,145.98716050243908
333,2018-07-16,23:59:59.999000,6723.35,36204.87708,243.41806031581802
334,2018-07-17,23:59:59.999000,7317.44,52105.423459,381.2783098358249
335,2018-07-18,23:59:59.999000,7381.9,59487.64345,439.131835183555
336,2018-07-19,23:59:59.999000,7466.21,41218.256437,307.7441583924937
337,2018-07-20,23:59:59.999000,7337.53,46140.313447,338.5559341267659
338,2018-07-21,23:59:59.999000,7398.78,28886.490291,213.72478663524495
339,2018-07-22,23:59:59.999000,7394.79,30270.21844,223.8419086179276
340,2018-07-23,23:59:59.999000,7721.01,41646.346671,321.5518591102577
341,2018-07-24,23:59:59.999000,8397.24,60121.163749,504.85184107965273
342,2018-07-25,23:59:59.999000,8175.64,48257.649124,394.5371664841394
343,2018-07-26,23:59:59.999000,7920.0,43223.481682,342.32997492144
344,2018-07-27,23:59:59.999000,8188.57,43671.005891,357.60308870886587
345,2018-07-28,23:59:59.999000,8225.04,26215.173839,215.62085343272858
346,2018-07-29,23:59:59.999000,8211.0,25531.226185,209.636898205035
347,2018-07-30,23:59:59.999000,8173.92,39692.416542,324.4426374209846
348,2018-07-31,23:59:59.999000,7730.93,48296.915587,373.380073619006
349,2018-08-01,23:59:59.999000,7604.58,42582.312932,323.8206052764286
350,2018-08-02,23:59:59.999000,7525.71,37665.696684,283.46111019174566
351,2018-08-03,23:59:59.999000,7418.78,44669.486047,331.3930896957626
352,2018-08-04,23:59:59.999000,7009.84,36288.42601,254.37606018193844
353,2018-08-05,23:59:59.999000,7024.19,32894.849782,231.05967489022655
354,2018-08-06,23:59:59.999000,6934.82,32760.191643,227.18603220970923
355,2018-08-07,23:59:59.999000,6720.06,45438.473501,305.34926823513007
356,2018-08-08,23:59:59.999000,6285.0,59550.536319,374.275120764915
357,2018-08-09,23:59:59.999000,6529.79,51941.185111,339.16503112595666
358,2018-08-10,23:59:59.999000,6144.01,59034.974902,362.7114761476371
359,2018-08-11,23:59:59.999000,6232.35,47133.418555,293.75196113125423
360,2018-08-12,23:59:59.999000,6308.33,38567.770712,243.29822501563092
361,2018-08-13,23:59:59.999000,6246.35,53895.828783,336.65221011869204
362,2018-08-14,23:59:59.999000,6188.08,50186.745091,310.55959356271524
363,2018-08-15,23:59:59.999000,6267.16,68806.687026,431.2225166618661
364,2018-08-16,23:59:59.999000,6311.75,48515.254618,306.2161583351615
365,2018-08-17,23:59:59.999000,6584.49,57851.610803,380.9233528162455
366,2018-08-18,23:59:59.999000,6387.96,53742.322172,343.3038043418492
367,2018-08-19,23:59:59.999000,6477.53,45190.847994,292.7250736065748
368,2018-08-20,23:59:59.999000,6254.84,49435.55526,309.2114884624584
369,2018-08-21,23:59:59.999000,6480.0,41569.947408,269.37325920384
370,2018-08-22,23:59:59.999000,6360.89,77909.391359,495.5730684015495
371,2018-08-23,23:59:59.999000,6525.01,40358.166825,263.33744211479325
372,2018-08-24,23:59:59.999000,6681.64,38305.675322,255.94473245848812
373,2018-08-25,23:59:59.999000,6733.64,19220.505929,129.42396754375156
374,2018-08-26,23:59:59.999000,6700.0,20107.297208,134.7188912936
375,2018-08-27,23:59:59.999000,6908.64,37747.078747,260.7809781146741
376,2018-08-28,23:59:59.999000,7076.11,48352.917163,342.1505606662759
377,2018-08-29,23:59:59.999000,7031.22,43252.487392,304.11775440037826
378,2018-08-30,23:59:59.999000,6984.84,44716.77462,312.3395160367608
379,2018-08-31,23:59:59.999000,7011.21,40467.400638,283.725444027152
380,2018-09-01,23:59:59.999000,7200.01,40323.414093,290.32898470374096
381,2018-09-02,23:59:59.999000,7302.01,39814.840352,290.72836239870753
382,2018-09-03,23:59:59.999000,7263.02,32396.018371,235.29292934894042
383,2018-09-04,23:59:59.999000,7359.06,35300.640518,259.7795316103931
384,2018-09-05,23:59:59.999000,6700.0,63715.256267,426.89221698890003
385,2018-09-06,23:59:59.999000,6516.01,60644.464227,395.15993534777425
386,2018-09-07,23:59:59.999000,6395.54,38906.28805,248.826721475297
387,2018-09-08,23:59:59.999000,6185.05,38215.032171,236.36188472924354
388,2018-09-09,23:59:59.999000,6250.81,37053.92382,231.61703755329424
389,2018-09-10,23:59:59.999000,6312.0,32439.456432,204.757848998784
390,2018-09-11,23:59:59.999000,6294.91,33104.88859,208.39229423407693
391,2018-09-12,23:59:59.999000,6338.62,31433.645939,199.24593682186418
392,2018-09-13,23:59:59.999000,6487.38,40465.063107,262.5122410990897
393,2018-09-14,23:59:59.999000,6476.63,37173.339277,240.7579643615965
394,2018-09-15,23:59:59.999000,6514.96,25243.656612,164.46141308091552
395,2018-09-16,23:59:59.999000,6505.0,27568.132897,179.33070449498499
396,2018-09-17,23:59:59.999000,6248.69,35987.254738,224.8731988087932
397,2018-09-18,23:59:59.999000,6336.45,32620.86667,206.70049061112147
398,2018-09-19,23:59:59.999000,6391.89,39044.080082,249.565465035335
399,2018-09-20,23:59:59.999000,6492.0,25189.024728,163.52714853417598
400,2018-09-21,23:59:59.999000,6759.02,51779.343463,349.9776180532863
401,2018-09-22,23:59:59.999000,6723.05,29349.690667,197.31943783877435
402,2018-09-23,23:59:59.999000,6708.0,30286.229773,203.160029317284
403,2018-09-24,23:59:59.999000,6581.39,35305.73991,232.36084358627488
404,2018-09-25,23:59:59.999000,6447.54,40301.029452,259.8424994329481
405,2018-09-26,23:59:59.999000,6465.12,33484.54207,216.4815826275984
406,2018-09-27,23:59:59.999000,6689.13,33087.428297,221.3261092443116
407,2018-09-28,23:59:59.999000,6634.58,42399.448523,281.3025331817253
408,2018-09-29,23:59:59.999000,6596.38,30255.9597,199.579807445886
409,2018-09-30,23:59:59.999000,6626.57,27764.724519,183.9848905558698
410,2018-10-01,23:59:59.999000,6611.61,20621.506894,136.3413611954393
411,2018-10-02,23:59:59.999000,6525.79,28245.810088,184.32622501416952
412,2018-10-03,23:59:59.999000,6510.0,28451.969138,185.22231908838
413,2018-10-04,23:59:59.999000,6593.79,20074.300818,132.3657239907202
414,2018-10-05,23:59:59.999000,6635.65,16096.552392,106.81108787997479
415,2018-10-06,23:59:59.999000,6594.27,10939.505391,72.13805221470957
416,2018-10-07,23:59:59.999000,6615.26,17406.831762,115.15071788188814
417,2018-10-08,23:59:59.999000,6673.01,23123.419541,154.30280983128839
418,2018-10-09,23:59:59.999000,6656.61,15354.779469,102.21077856114007
419,2018-10-10,23:59:59.999000,6631.0,15390.661444,102.055476035164
420,2018-10-11,23:59:59.999000,6252.68,48712.400332,304.5830513078898
421,2018-10-12,23:59:59.999000,6298.01,29004.071419,182.6679318375762
422,2018-10-13,23:59:59.999000,6332.93,19098.070025,120.94674060342327
423,2018-10-14,23:59:59.999000,6339.34,15627.411314,99.06747363929276
424,2018-10-15,23:59:59.999000,6752.5,90748.031246,612.776080988615
425,2018-10-16,23:59:59.999000,6759.27,27557.957764,186.2716771754723
426,2018-10-17,23:59:59.999000,6740.89,26641.431379,179.58695836838734
427,2018-10-18,23:59:59.999000,6618.96,20116.521941,133.15045406660136
428,2018-10-19,23:59:59.999000,6528.88,20772.60077,135.62181771523763
429,2018-10-20,23:59:59.999000,6588.4,19240.722247,126.7655744521348
430,2018-10-21,23:59:59.999000,6590.11,6515.357792,42.936924538637115
431,2018-10-22,23:59:59.999000,6581.2,16213.69266,106.705554133992
432,2018-10-23,23:59:59.999000,6553.51,13856.601756,90.80937817396357
433,2018-10-24,23:59:59.999000,6565.5,11951.543977,78.46786198099349
434,2018-10-25,23:59:59.999000,6528.09,10342.701244,67.51808456394397
435,2018-10-26,23:59:59.999000,6538.63,9443.504156,61.74757957954629
436,2018-10-27,23:59:59.999000,6505.6,7776.907864,50.5934518000384
437,2018-10-28,23:59:59.999000,6489.93,5743.933728,37.27772781935904
438,2018-10-29,23:59:59.999000,6344.5,13827.224067,87.72682309308149
439,2018-10-30,23:59:59.999000,6330.87,8877.175385,56.20024332963495
440,2018-10-31,23:59:59.999000,6371.93,12148.888216,77.41186529017688
441,2018-11-01,23:59:59.999000,6410.0,9099.035841,58.32481974081001
442,2018-11-02,23:59:59.999000,6433.98,9739.440679,62.66336653987241
443,2018-11-03,23:59:59.999000,6387.09,7661.241476,48.933038818944844
444,2018-11-04,23:59:59.999000,6485.85,10592.394943,68.70068474105655
445,2018-11-05,23:59:59.999000,6468.99,8987.882156,58.14251978834244
446,2018-11-06,23:59:59.999000,6519.11,11926.565699,77.75059371400789
447,2018-11-07,23:59:59.999000,6578.46,14271.591117,93.88509129953982
448,2018-11-08,23:59:59.999000,6479.84,13259.789282,85.92131298107489
449,2018-11-09,23:59:59.999000,6419.99,11787.616583,75.67638058669417
450,2018-11-10,23:59:59.999000,6433.05,7714.829926,49.6298866554543
451,2018-11-11,23:59:59.999000,6449.81,8213.507117,52.97556033829777
452,2018-11-12,23:59:59.999000,6453.07,10132.782567,65.38755519963068
453,2018-11-13,23:59:59.999000,6457.66,11790.564933,76.13945954523678
454,2018-11-14,23:59:59.999000,5922.41,46478.964003,275.26748120100723
455,2018-11-15,23:59:59.999000,5753.4,47700.829401,274.4419518757134
456,2018-11-16,23:59:59.999000,5655.94,38721.802274,219.00819035360757
457,2018-11-17,23:59:59.999000,5628.29,26411.241413,148.65012593237375
458,2018-11-18,23:59:59.999000,5662.0,23844.999347,135.01038630271398
459,2018-11-19,23:59:59.999000,4910.03,70580.892856,346.5543013497457
460,2018-11-20,23:59:59.999000,4558.86,117380.95159,535.1233249655874
461,2018-11-21,23:59:59.999000,4661.07,61071.829475,284.66007221103825
462,2018-11-22,23:59:59.999000,4370.0,34531.119143,150.90099065491003
463,2018-11-23,23:59:59.999000,4420.61,49371.920322,218.2540046946364
464,2018-11-24,23:59:59.999000,3932.44,61693.111006,242.60445744443464
465,2018-11-25,23:59:59.999000,4085.78,101693.975588,415.4992115779387
466,2018-11-26,23:59:59.999000,3862.2,94504.865717,364.99669237219734
467,2018-11-27,23:59:59.999000,3875.21,67480.607212,261.50152387401454
468,2018-11-28,23:59:59.999000,4264.85,91983.567949,392.2961197672927
469,2018-11-29,23:59:59.999000,4295.84,73980.198669,317.807096650237
470,2018-11-30,23:59:59.999000,4041.32,67758.446283,273.8335641324136
471,2018-12-01,23:59:59.999000,4190.02,44840.073481,187.88080468685965
472,2018-12-02,23:59:59.999000,4161.01,38912.15479,161.9138652027379
473,2018-12-03,23:59:59.999000,3884.01,49094.369163,190.68302077278366
474,2018-12-04,23:59:59.999000,3951.64,48489.551613,191.61325173599533
475,2018-12-05,23:59:59.999000,3769.84,44004.799448,165.89105315104834
476,2018-12-06,23:59:59.999000,3508.75,68378.796943,239.92410377375123
477,2018-12-07,23:59:59.999000,3403.55,95145.457442,323.8323216767191
478,2018-12-08,23:59:59.999000,3410.93,55365.949949,188.84937965954256
479,2018-12-09,23:59:59.999000,3545.37,45956.893296,162.9341907848395
480,2018-12-10,23:59:59.999000,3432.88,40989.244553,140.71115784110262
481,2018-12-11,23:59:59.999000,3380.39,35920.864154,121.42652997754006
482,2018-12-12,23:59:59.999000,3445.0,33922.931286,116.86449828027
483,2018-12-13,23:59:59.999000,3302.06,40040.917013,132.21751043194678
484,2018-12-14,23:59:59.999000,3224.17,44492.983807,143.4529436010152
485,2018-12-15,23:59:59.999000,3211.72,29796.041436,95.69654220082991
486,2018-12-16,23:59:59.999000,3228.67,24628.808538,79.51829526238446
487,2018-12-17,23:59:59.999000,3509.08,66762.216388,234.27395828280302
488,2018-12-18,23:59:59.999000,3652.98,61369.615257,224.18197714151586
489,2018-12-19,23:59:59.999000,3662.22,94137.341014,344.75165300829104
490,2018-12-20,23:59:59.999000,4049.62,101543.835986,411.21394908562536
491,2018-12-21,23:59:59.999000,3838.66,82343.850112,316.0900436709299
492,2018-12-22,23:59:59.999000,3948.91,42822.350872,169.10160958194953
493,2018-12-23,23:59:59.999000,3929.71,40117.531529,157.6502648248266
494,2018-12-24,23:59:59.999000,4008.01,64647.809129,259.1090654671233
495,2018-12-25,23:59:59.999000,3745.79,62725.629432,234.95703547009128
496,2018-12-26,23:59:59.999000,3777.74,42629.375817,161.04269819891357
497,2018-12-27,23:59:59.999000,3567.91,44097.392912,157.33552914465392
498,2018-12-28,23:59:59.999000,3839.26,45964.304987,176.46891756438964
499,2018-12-29,23:59:59.999000,3695.32,38874.373903,143.65325137123398
500,2018-12-30,23:59:59.999000,3801.91,33222.369262,126.30845792089042
501,2018-12-31,23:59:59.999000,3702.9,29991.77835,111.05655605221502
502,2019-01-01,23:59:59.999000,3797.14,23741.687033,90.15050950048561
503,2019-01-02,23:59:59.999000,3858.56,35156.463369,135.65332329708863
504,2019-01-03,23:59:59.999000,3766.78,29406.948359,110.76950493971403
505,2019-01-04,23:59:59.999000,3792.01,29519.554671,111.93844650797872
506,2019-01-05,23:59:59.999000,3770.96,30490.667751,114.97908846231097
507,2019-01-06,23:59:59.999000,3987.6,36553.806709,145.76195963280838
508,2019-01-07,23:59:59.999000,3975.45,31869.846264,126.69698033021879
509,2019-01-08,23:59:59.999000,3955.13,38901.423122,153.86018563251588
510,2019-01-09,23:59:59.999000,3966.65,28989.439511,114.99096023630815
511,2019-01-10,23:59:59.999000,3585.88,59402.22851,213.0092631694388
512,2019-01-11,23:59:59.999000,3601.31,38338.654733,138.06938067650023
513,2019-01-12,23:59:59.999000,3583.13,21999.928354,78.82860328306802
514,2019-01-13,23:59:59.999000,3476.81,26385.757454,91.73826537364172
515,2019-01-14,23:59:59.999000,3626.09,35235.211215,127.76604703459937
516,2019-01-15,23:59:59.999000,3553.06,34137.997459,121.29435325167454
517,2019-01-16,23:59:59.999000,3591.84,27480.179977,98.70440964858768
518,2019-01-17,23:59:59.999000,3616.21,29755.440838,107.60192271278397
519,2019-01-18,23:59:59.999000,3594.87,22713.446755,81.65188833614684
520,2019-01-19,23:59:59.999000,3665.3,22171.578123,81.26548529423191
521,2019-01-20,23:59:59.999000,3539.28,27901.938598,98.75277324112945
522,2019-01-21,23:59:59.999000,3526.9,19644.436839,69.2839642874691
523,2019-01-22,23:59:59.999000,3570.93,29336.442967,104.7583842841493
524,2019-01-23,23:59:59.999000,3552.82,24938.842698,88.60321911430837
525,2019-01-24,23:59:59.999000,3569.62,20826.25118,74.3418027371516
526,2019-01-25,23:59:59.999000,3565.29,17608.346671,62.778862302649586
527,2019-01-26,23:59:59.999000,3565.25,19476.532344,69.438706939446
528,2019-01-27,23:59:59.999000,3550.84,22735.598162,80.73047137755607
529,2019-01-28,23:59:59.999000,3434.15,40405.111401,138.75721331774417
530,2019-01-29,23:59:59.999000,3411.04,29544.928977,100.77893453770608
531,2019-01-30,23:59:59.999000,3458.18,23968.260243,82.88655820713774
532,2019-01-31,23:59:59.999000,3434.1,29607.190253,101.6740520478273
533,2019-02-01,23:59:59.999000,3462.07,25260.476159,87.45353669578914
534,2019-02-02,23:59:59.999000,3504.77,17920.802,62.808289225539994
535,2019-02-03,23:59:59.999000,3458.11,19867.33639,68.7034346436229
536,2019-02-04,23:59:59.999000,3463.22,23131.981108,80.11113961284777
537,2019-02-05,23:59:59.999000,3471.59,25264.41503,87.70769057399771
538,2019-02-06,23:59:59.999000,3405.37,35310.244846,120.24444849122303
539,2019-02-07,23:59:59.999000,3398.4,18665.538638,63.43296650737921
540,2019-02-08,23:59:59.999000,3659.04,47968.058013,175.5170429918875
541,2019-02-09,23:59:59.999000,3665.18,24759.833719,90.74924735020441
542,2019-02-10,23:59:59.999000,3680.06,23250.602634,85.56361272927803
543,2019-02-11,23:59:59.999000,3631.05,24954.614571,90.61145323802955
544,2019-02-12,23:59:59.999000,3631.46,29479.59823,107.05398178831581
545,2019-02-13,23:59:59.999000,3609.4,25773.997648,93.0286671106912
546,2019-02-14,23:59:59.999000,3590.56,21753.501261,78.10725148769616
547,2019-02-15,23:59:59.999000,3602.47,20777.872899,74.85166378246052
548,2019-02-16,23:59:59.999000,3618.41,19565.992751,70.79778383014592
549,2019-02-17,23:59:59.999000,3667.58,25690.227779,94.22096559770483
550,2019-02-18,23:59:59.999000,3898.6,64042.730492,249.6769890961112
551,2019-02-19,23:59:59.999000,3907.79,50207.172667,196.1990872763759
552,2019-02-20,23:59:59.999000,3969.74,36205.14085,143.724995837879
553,2019-02-21,23:59:59.999000,3937.31,31103.884728,122.46563637840168
554,2019-02-22,23:59:59.999000,3962.0,23943.16375,94.8628147775
555,2019-02-23,23:59:59.999000,4117.76,33657.942883,138.59533088590211
556,2019-02-24,23:59:59.999000,3743.56,62224.18689,232.9399770739284
557,2019-02-25,23:59:59.999000,3827.92,38102.966245,145.8551065485604
558,2019-02-26,23:59:59.999000,3809.23,28838.748036,109.85342418117229
559,2019-02-27,23:59:59.999000,3818.07,31500.995466,120.27300575887062
560,2019-02-28,23:59:59.999000,3813.69,32561.961044,124.18122521389236
561,2019-03-01,23:59:59.999000,3823.0,23174.57217,88.59638940591
562,2019-03-02,23:59:59.999000,3819.93,19445.838355,74.28174130741515
563,2019-03-03,23:59:59.999000,3807.75,16718.16541,63.658594339927504
564,2019-03-04,23:59:59.999000,3715.3,34742.84166,129.080079619398
565,2019-03-05,23:59:59.999000,3857.73,32962.536162,127.16056462823224
566,2019-03-06,23:59:59.999000,3861.84,24775.11883,95.67754490244721
567,2019-03-07,23:59:59.999000,3873.64,26455.257661,102.47814428595603
568,2019-03-08,23:59:59.999000,3864.89,34730.366592,134.22904653775487
569,2019-03-09,23:59:59.999000,3943.04,30979.747653,122.15438418568512
570,2019-03-10,23:59:59.999000,3916.82,23187.561412,90.82150428974984
571,2019-03-11,23:59:59.999000,3871.61,38066.885705,147.38013536433505
572,2019-03-12,23:59:59.999000,3882.73,26921.008622,104.52700780689807
573,2019-03-13,23:59:59.999000,3866.0,24461.008757,94.566259854562
574,2019-03-14,23:59:59.999000,3877.12,27048.74853,104.8712439006336
575,2019-03-15,23:59:59.999000,3923.76,21740.061498,85.30278370339248
576,2019-03-16,23:59:59.999000,4005.98,28568.376124,114.44434338522152
577,2019-03-17,23:59:59.999000,3981.14,18814.255577,74.90218544781777
578,2019-03-18,23:59:59.999000,3987.81,22454.47801,89.54419195305809
579,2019-03-19,23:59:59.999000,4015.53,19893.741815,79.88391707038696
580,2019-03-20,23:59:59.999000,4043.04,23432.300255,94.7377272229752
581,2019-03-21,23:59:59.999000,3980.64,35997.682119,143.29381335017615
582,2019-03-22,23:59:59.999000,3986.93,20022.606318,79.82872980742373
583,2019-03-23,23:59:59.999000,4006.01,17302.604318,69.3144059239512
584,2019-03-24,23:59:59.999000,3992.18,17179.850648,68.58505615993265
585,2019-03-25,23:59:59.999000,3936.12,33192.890217,130.65119904093802
586,2019-03-26,23:59:59.999000,3948.55,29349.537627,115.88811679709086
587,2019-03-27,23:59:59.999000,4038.05,32364.555852,130.6896947581686
588,2019-03-28,23:59:59.999000,4027.81,20089.293875,80.91585876266375
589,2019-03-29,23:59:59.999000,4103.25,30084.217444,123.44306522709302
590,2019-03-30,23:59:59.999000,4106.97,19509.292601,80.12407943352898
591,2019-03-31,23:59:59.999000,4103.95,13525.087433,55.50628257066035
592,2019-04-01,23:59:59.999000,4144.56,25507.067641,105.71557226218297
593,2019-04-02,23:59:59.999000,4857.29,105383.639263,511.8788971557773
594,2019-04-03,23:59:59.999000,4932.6,109890.125743,542.0440342399218
595,2019-04-04,23:59:59.999000,4898.66,61054.254168,299.0840327226149
596,2019-04-05,23:59:59.999000,5004.95,39768.552806,199.0396183663897
597,2019-04-06,23:59:59.999000,5043.89,41770.842313,210.6875338341176
598,2019-04-07,23:59:59.999000,5170.27,37615.486804,194.4822229581171
599,2019-04-08,23:59:59.999000,5236.9,50178.430782,262.7794241622558
600,2019-04-09,23:59:59.999000,5150.0,34067.012311,175.44511340165
601,2019-04-10,23:59:59.999000,5308.25,40073.620471,212.72079586518578
602,2019-04-11,23:59:59.999000,5017.37,54696.600686,274.4330833839158
603,2019-04-12,23:59:59.999000,5048.01,33276.678614,167.98100641025815
604,2019-04-13,23:59:59.999000,5045.22,17292.456802,87.24424890658645
605,2019-04-14,23:59:59.999000,5131.3,18281.607739,93.80841379113069
606,2019-04-15,23:59:59.999000,5024.95,29057.191581,146.01093483494594
607,2019-04-16,23:59:59.999000,5173.72,24242.229493,125.42250757252397
608,2019-04-17,23:59:59.999000,5202.82,23307.536134,121.26491514869788
609,2019-04-18,23:59:59.999000,5258.44,22619.239001,118.94191113241844
610,2019-04-19,23:59:59.999000,5258.68,24611.236323,129.42261622703367
611,2019-04-20,23:59:59.999000,5291.73,19168.908274,101.43668698077401
612,2019-04-21,23:59:59.999000,5256.14,25549.570939,134.29212179531547
613,2019-04-22,23:59:59.999000,5357.14,29563.852309,158.37769575863626
614,2019-04-23,23:59:59.999000,5493.31,41262.103917,226.6655280682953
615,2019-04-24,23:59:59.999000,5415.0,48224.152413,261.133785316395
616,2019-04-25,23:59:59.999000,5219.9,49636.089948,259.0954259195652
617,2019-04-26,23:59:59.999000,5314.1,48912.294513,259.9248242715333
618,2019-04-27,23:59:59.999000,5295.69,15422.896935,81.67488106971015
619,2019-04-28,23:59:59.999000,5307.52,14371.433869,76.2766726883949
620,2019-04-29,23:59:59.999000,5238.14,19918.135079,104.33398008271307
621,2019-04-30,23:59:59.999000,5320.81,22238.06823,118.32453581886631
622,2019-05-01,23:59:59.999000,5383.2,17217.473216,92.68510181637119
623,2019-05-02,23:59:59.999000,5492.87,22795.787835,125.21429912523644
624,2019-05-03,23:59:59.999000,5772.69,46297.172849,267.2592267336938
625,2019-05-04,23:59:59.999000,5829.45,39682.408991,231.32661909258493
626,2019-05-05,23:59:59.999000,5775.62,23822.543775,137.58996027776547
627,2019-05-06,23:59:59.999000,5747.79,25256.596325,145.16961179087173
628,2019-05-07,23:59:59.999000,5846.34,39905.064422,233.2985743329155
629,2019-05-08,23:59:59.999000,5987.29,23074.186907,138.15184852641204
630,2019-05-09,23:59:59.999000,6209.18,27453.011436,170.4606895481825
631,2019-05-10,23:59:59.999000,6373.33,36623.61079,233.41435735623068
632,2019-05-11,23:59:59.999000,7076.22,74022.424393,523.7989599382345
633,2019-05-12,23:59:59.999000,6967.31,86948.975339,605.8004653691681
634,2019-05-13,23:59:59.999000,7790.71,85804.735333,668.4798096061564
635,2019-05-14,23:59:59.999000,7947.56,76583.722603,608.6537304106988
636,2019-05-15,23:59:59.999000,8169.87,37884.327211,309.5100283513326
637,2019-05-16,23:59:59.999000,7866.59,69630.513996,547.7547050957936
638,2019-05-17,23:59:59.999000,7355.26,88752.008159,652.7940955315664
639,2019-05-18,23:59:59.999000,7257.45,37054.944779,268.9244089863535
640,2019-05-19,23:59:59.999000,8148.48,65577.442058,534.3564750607718
641,2019-05-20,23:59:59.999000,7938.15,65859.208564,522.8002764623166
642,2019-05-21,23:59:59.999000,7904.87,52301.752247,413.43855228474285
643,2019-05-22,23:59:59.999000,7628.43,49136.994589,374.8381236325653
644,2019-05-23,23:59:59.999000,7851.51,49648.184701,389.8132186617485
645,2019-05-24,23:59:59.999000,7964.87,46664.785325,371.67894869153275
646,2019-05-25,23:59:59.999000,8025.41,28414.328817,228.03663863123998
647,2019-05-26,23:59:59.999000,8614.43,49652.144567,427.72492372230187
648,2019-05-27,23:59:59.999000,8756.32,51886.768793,454.3371513175218
649,2019-05-28,23:59:59.999000,8715.64,31470.551534,274.28599777179176
650,2019-05-29,23:59:59.999000,8645.68,33880.865922,292.92312488451694
651,2019-05-30,23:59:59.999000,8269.54,70379.998521,582.0102129693505
652,2019-05-31,23:59:59.999000,8555.0,44727.49162,382.6436908091
653,2019-06-01,23:59:59.999000,8544.07,31868.234157,272.284423413799
654,2019-06-02,23:59:59.999000,8725.98,27835.133265,242.8888161677247
655,2019-06-03,23:59:59.999000,8115.82,45692.965104,370.8358800503453
656,2019-06-04,23:59:59.999000,7687.03,74143.948941,569.9467598279352
657,2019-06-05,23:59:59.999000,7776.5,48679.656455,378.5573484223075
658,2019-06-06,23:59:59.999000,7786.7,36624.118747,285.1810254472649
659,2019-06-07,23:59:59.999000,7980.53,33942.225658,270.87695013043873
660,2019-06-08,23:59:59.999000,7893.62,22657.329634,178.8483503455351
661,2019-06-09,23:59:59.999000,7628.13,31568.465157,240.8083561180664
662,2019-06-10,23:59:59.999000,7982.75,36756.078468,293.414585390427
663,2019-06-11,23:59:59.999000,7884.9,30334.999427,239.1884369819523
664,2019-06-12,23:59:59.999000,8127.64,41597.082622,338.08611260187206
665,2019-06-13,23:59:59.999000,8218.54,30467.764341,250.40053994708217
666,2019-06-14,23:59:59.999000,8650.0,39835.246255,344.57488010574997
667,2019-06-15,23:59:59.999000,8808.7,31791.636039,280.0429843767393
668,2019-06-16,23:59:59.999000,8953.33,63289.251219,566.6495516166092
669,2019-06-17,23:59:59.999000,9313.96,47895.485374,446.09663495402106
670,2019-06-18,23:59:59.999000,9081.55,51554.569401,468.19539974365154
671,2019-06-19,23:59:59.999000,9255.49,32147.706495,297.5427759874075
672,2019-06-20,23:59:59.999000,9517.12,34556.053982,328.8741124731718
673,2019-06-21,23:59:59.999000,10159.86,50484.415892,512.9145976444951
674,2019-06-22,23:59:59.999000,10729.5,104169.447976,1117.686092058492
675,2019-06-23,23:59:59.999000,10906.07,57445.323945,626.5027241168461
676,2019-06-24,23:59:59.999000,11056.59,43101.045285,476.5505862876782
677,2019-06-25,23:59:59.999000,11820.86,61276.686648,724.3431341298773
678,2019-06-26,23:59:59.999000,13093.8,155930.147386,2041.7181638428067
679,2019-06-27,23:59:59.999000,11329.99,173894.820889,1970.226581724161
680,2019-06-28,23:59:59.999000,12400.63,95795.203964,1187.9208801320972
681,2019-06-29,23:59:59.999000,11903.13,69642.074157,828.9586621604113
682,2019-06-30,23:59:59.999000,10854.1,84512.530443,917.3074566813664
683,2019-07-01,23:59:59.999000,10624.93,90962.268271,966.467733020596
684,2019-07-02,23:59:59.999000,10842.85,109561.038728,1187.953908771895
685,2019-07-03,23:59:59.999000,11940.0,96815.90029,1155.9818494626
686,2019-07-04,23:59:59.999000,11145.67,66512.221892,741.3232761750077
687,2019-07-05,23:59:59.999000,10970.73,63534.350582,697.0182059604648
688,2019-07-06,23:59:59.999000,11256.49,51469.496331,579.3658707549382
689,2019-07-07,23:59:59.999000,11406.24,38884.795599,443.5293109531377
690,2019-07-08,23:59:59.999000,12238.6,52182.367215,638.6391193974989
691,2019-07-09,23:59:59.999000,12543.41,78442.130343,983.9318021656895
692,2019-07-10,23:59:59.999000,12108.37,109246.044997,1322.791533860325
693,2019-07-11,23:59:59.999000,11342.89,87506.461058,992.5761620701776
694,2019-07-12,23:59:59.999000,11757.22,56321.858281,662.1884786185387
695,2019-07-13,23:59:59.999000,11355.76,54245.594548,615.9999527443964
696,2019-07-14,23:59:59.999000,10174.18,72517.579236,737.8069043113265
697,2019-07-15,23:59:59.999000,10838.72,81922.426332,887.934240733175
698,2019-07-16,23:59:59.999000,9439.59,97219.443413,917.7116858469208
699,2019-07-17,23:59:59.999000,9667.92,84942.672717,821.2189644141386
700,2019-07-18,23:59:59.999000,10627.16,80283.310252,853.1835833776443
701,2019-07-19,23:59:59.999000,10504.29,56546.932133,593.9853737353507
702,2019-07-20,23:59:59.999000,10740.23,47331.899848,508.3554907044851
703,2019-07-21,23:59:59.999000,10589.45,38834.287935,411.2337503732858
704,2019-07-22,23:59:59.999000,10340.31,40467.954839,418.45119810126005
705,2019-07-23,23:59:59.999000,9864.91,47624.37071,469.81013086078616
706,2019-07-24,23:59:59.999000,9763.28,43475.380377,424.4623117271566
707,2019-07-25,23:59:59.999000,9879.87,37873.354728,374.1838211765253
708,2019-07-26,23:59:59.999000,9824.0,27167.463217,266.893158643808
709,2019-07-27,23:59:59.999000,9476.52,43809.778301,415.16424026499254
710,2019-07-28,23:59:59.999000,9541.54,29401.022937,280.53103639430304
711,2019-07-29,23:59:59.999000,9507.64,29021.937411,275.93013300632
712,2019-07-30,23:59:59.999000,9574.21,32536.368834,311.5100278541711
713,2019-07-31,23:59:59.999000,10080.53,39515.35456,398.3357171027168
714,2019-08-01,23:59:59.999000,10374.99,41727.637028,432.9238168891297
715,2019-08-02,23:59:59.999000,10523.75,42990.444221,452.4206873707487
716,2019-08-03,23:59:59.999000,10816.86,33802.318824,365.6349503945727
717,2019-08-04,23:59:59.999000,10929.23,39924.745141,436.34672233737143
718,2019-08-05,23:59:59.999000,11828.8,65153.673713,770.6897756163344
719,2019-08-06,23:59:59.999000,11481.69,76705.389875,880.7075078738887
720,2019-08-07,23:59:59.999000,11975.03,69173.390353,828.3534246788856
721,2019-08-08,23:59:59.999000,11999.77,51207.257174,614.47530841885
722,2019-08-09,23:59:59.999000,11879.99,39427.152588,468.3941784739141
723,2019-08-10,23:59:59.999000,11309.31,42633.087048,482.15079768281686
724,2019-08-11,23:59:59.999000,11549.97,26772.90691,309.2262716232927
725,2019-08-12,23:59:59.999000,11396.08,17568.227075,200.208921204866
726,2019-08-13,23:59:59.999000,10892.71,33234.72968,362.0162723326327
727,2019-08-14,23:59:59.999000,10050.37,54451.847499,547.2612145485248
728,2019-08-15,23:59:59.999000,10293.93,38174.45112,392.96512761770157
729,2019-08-16,23:59:59.999000,10331.54,51758.142918,534.7413238830337
730,2019-08-17,23:59:59.999000,10216.02,29000.581201,296.27051756104004
731,2019-08-18,23:59:59.999000,10306.78,24085.395172,248.24286925086616
732,2019-08-19,23:59:59.999000,10915.54,37243.319217,406.5309406459322
733,2019-08-20,23:59:59.999000,10760.51,32298.921679,347.55286971609627
734,2019-08-21,23:59:59.999000,10142.57,47355.719282,480.3086977180347
735,2019-08-22,23:59:59.999000,10099.88,34059.642738,343.99830449667144
736,2019-08-23,23:59:59.999000,10389.55,27550.336173,286.23559518619214
737,2019-08-24,23:59:59.999000,10134.35,27692.456844,280.64505001699143
738,2019-08-25,23:59:59.999000,10142.69,26271.657398,266.46527677412064
739,2019-08-26,23:59:59.999000,10372.25,41687.511599,432.39329218272775
740,2019-08-27,23:59:59.999000,10185.05,28402.775383,289.2836874146242
741,2019-08-28,23:59:59.999000,9721.0,42110.555375,409.35670880037503
742,2019-08-29,23:59:59.999000,9498.44,35532.69491,337.50517064094043
743,2019-08-30,23:59:59.999000,9584.54,26834.318104,257.1945952405122
744,2019-08-31,23:59:59.999000,9587.47,17130.290074,164.23614217577278
745,2019-09-01,23:59:59.999000,9724.98,19545.404843,190.07867119007813
746,2019-09-02,23:59:59.999000,10340.0,44740.248093,462.61416528162005
747,2019-09-03,23:59:59.999000,10615.28,47998.376781,509.5162090758137
748,2019-09-04,23:59:59.999000,10567.02,43943.889026,464.3559542155225
749,2019-09-05,23:59:59.999000,10564.49,33970.960639,358.8858739611091
750,2019-09-06,23:59:59.999000,10298.73,58799.640959,605.561626333682
751,2019-09-07,23:59:59.999000,10455.88,27637.877392,288.9783294654649
752,2019-09-08,23:59:59.999000,10381.18,23984.672018,248.98919745982124
753,2019-09-09,23:59:59.999000,10303.12,39835.727608,410.432281832537
754,2019-09-10,23:59:59.999000,10098.15,28915.412225,291.99216995988377
755,2019-09-11,23:59:59.999000,10158.33,31953.824562,324.59749466290145
756,2019-09-12,23:59:59.999000,10415.01,34511.162755,359.4341052049525
757,2019-09-13,23:59:59.999000,10342.06,30280.339776,313.16109078377855
758,2019-09-14,23:59:59.999000,10335.02,23621.533519,244.1290213495354
759,2019-09-15,23:59:59.999000,10302.01,18047.654013,185.92711211846614
760,2019-09-16,23:59:59.999000,10251.31,28971.401657,296.9948195204206
761,2019-09-17,23:59:59.999000,10187.82,22914.324563,233.44701406942264
762,2019-09-18,23:59:59.999000,10156.99,24250.249303,246.30953966807797
763,2019-09-19,23:59:59.999000,10244.29,44826.282579,459.21343836122395
764,2019-09-20,23:59:59.999000,10168.59,25088.491069,255.1145793993227
765,2019-09-21,23:59:59.999000,9986.39,20544.175196,205.16214573558244
766,2019-09-22,23:59:59.999000,10028.87,22049.275256,221.12931513664077
767,2019-09-23,23:59:59.999000,9702.25,31937.232356,309.863012626001
768,2019-09-24,23:59:59.999000,8493.14,94007.345203,798.4175438374074
769,2019-09-25,23:59:59.999000,8430.05,60783.892258,512.4112509295528
770,2019-09-26,23:59:59.999000,8063.73,67930.853749,547.7760633014237
771,2019-09-27,23:59:59.999000,8177.91,43882.924625,358.87060812003375
772,2019-09-28,23:59:59.999000,8198.81,34473.605165,282.64253876285363
773,2019-09-29,23:59:59.999000,8043.82,31544.211388,253.73595844702214
774,2019-09-30,23:59:59.999000,8289.34,55865.48726,463.0880181638084
775,2019-10-01,23:59:59.999000,8292.44,43479.58742,360.55186990510487
776,2019-10-02,23:59:59.999000,8359.94,26243.386644,219.39313774064135
777,2019-10-03,23:59:59.999000,8223.96,30488.284058,250.73442856162964
778,2019-10-04,23:59:59.999000,8137.13,26476.330404,215.44134242030051
779,2019-10-05,23:59:59.999000,8126.19,21907.615564,178.02544652002115
780,2019-10-06,23:59:59.999000,7854.25,34676.104049,272.35479022685826
781,2019-10-07,23:59:59.999000,8190.09,52202.072297,427.5396702989367
782,2019-10-08,23:59:59.999000,8168.39,35452.657423,289.59113236745895
783,2019-10-09,23:59:59.999000,8560.74,55038.704378,471.17203811691974
784,2019-10-10,23:59:59.999000,8558.03,39137.946167,334.9437174355711
785,2019-10-11,23:59:59.999000,8258.5,50405.284418,416.27204136605303
786,2019-10-12,23:59:59.999000,8300.09,21339.334098,177.11839355346882
787,2019-10-13,23:59:59.999000,8275.01,27840.739953,230.38240151847455
788,2019-10-14,23:59:59.999000,8348.2,29810.663253,248.86537896869459
789,2019-10-15,23:59:59.999000,8159.29,32773.062476,267.404920929802
790,2019-10-16,23:59:59.999000,7991.74,34733.593966,277.58185224184086
791,2019-10-17,23:59:59.999000,8070.58,29656.949158,239.34878073557164
792,2019-10-18,23:59:59.999000,7947.01,31353.181416,249.16404624476618
793,2019-10-19,23:59:59.999000,7948.01,26627.889388,211.6387311347179
794,2019-10-20,23:59:59.999000,8223.35,34286.452654,281.94950043227095
795,2019-10-21,23:59:59.999000,8197.27,30448.679539,249.59604732465854
796,2019-10-22,23:59:59.999000,8020.0,34651.828663,277.90766587726
797,2019-10-23,23:59:59.999000,7466.62,63897.457098,477.0980311170688
798,2019-10-24,23:59:59.999000,7412.41,32714.383265,242.49242165731866
799,2019-10-25,23:59:59.999000,8655.02,90748.218174,785.4276432603334
800,2019-10-26,23:59:59.999000,9230.0,162588.585413,1500.69264336199
801,2019-10-27,23:59:59.999000,9529.93,93833.541604,894.2270831382077
802,2019-10-28,23:59:59.999000,9205.14,80174.217323,738.0148948486402
803,2019-10-29,23:59:59.999000,9407.62,64158.462446,603.5784344762386
804,2019-10-30,23:59:59.999000,9154.72,55241.786434,505.72308710306845
805,2019-10-31,23:59:59.999000,9140.85,54376.024902,497.0430872254467
806,2019-11-01,23:59:59.999000,9231.61,43594.814115,402.45032193217514
807,2019-11-02,23:59:59.999000,9289.52,28923.060828,268.68135202292257
808,2019-11-03,23:59:59.999000,9194.71,27894.378279,256.48071890570407
809,2019-11-04,23:59:59.999000,9393.35,45894.456277,431.10269086955793
810,2019-11-05,23:59:59.999000,9308.66,45935.873665,427.60142975043885
811,2019-11-06,23:59:59.999000,9339.05,37336.170372,348.68436191262657
812,2019-11-07,23:59:59.999000,9216.2,39117.470853,360.5144348754186
813,2019-11-08,23:59:59.999000,8773.73,62107.289243,544.9125868499863
814,2019-11-09,23:59:59.999000,8809.41,29469.481405,259.608744184021
815,2019-11-10,23:59:59.999000,9039.47,34422.029797,311.1569056890876
816,2019-11-11,23:59:59.999000,8733.27,44888.053545,392.0194913829422
817,2019-11-12,23:59:59.999000,8821.94,40366.629471,356.11198319539375
818,2019-11-13,23:59:59.999000,8777.12,26810.116918,235.31561340331618
819,2019-11-14,23:59:59.999000,8646.68,33468.468961,289.39114119569945
820,2019-11-15,23:59:59.999000,8471.73,46087.417751,390.4401595836792
821,2019-11-16,23:59:59.999000,8491.02,20902.299752,177.48184524022705
822,2019-11-17,23:59:59.999000,8502.4,27009.037082,229.64163688599677
823,2019-11-18,23:59:59.999000,8187.17,43017.69094,352.1931487332398
824,2019-11-19,23:59:59.999000,8133.64,43556.061025,354.26932019538106
825,2019-11-20,23:59:59.999000,8098.01,32466.23098,262.9118631383498
826,2019-11-21,23:59:59.999000,7627.74,58418.780261,445.60326694804013
827,2019-11-22,23:59:59.999000,7268.23,126603.140259,920.1807421246716
828,2019-11-23,23:59:59.999000,7311.57,50449.894755,368.86793699381536
829,2019-11-24,23:59:59.999000,6903.28,67890.206483,468.66510460996426
830,2019-11-25,23:59:59.999000,7109.57,119645.735197,850.6297295845352
831,2019-11-26,23:59:59.999000,7156.14,65722.39769,470.3186790053166
832,2019-11-27,23:59:59.999000,7508.52,92452.87349,694.1842496571347
833,2019-11-28,23:59:59.999000,7419.49,56933.981109,422.4211034984144
834,2019-11-29,23:59:59.999000,7739.68,60745.300873,470.1491902607406
835,2019-11-30,23:59:59.999000,7541.89,46989.433619,354.3891395167999
836,2019-12-01,23:59:59.999000,7390.89,60769.342313,449.13952440772863
837,2019-12-02,23:59:59.999000,7294.28,46330.25604,337.9458600274512
838,2019-12-03,23:59:59.999000,7292.71,33149.477487,241.74952596421974
839,2019-12-04,23:59:59.999000,7194.32,83153.701586,598.2343383941915
840,2019-12-05,23:59:59.999000,7389.0,59306.678855,438.217050059595
841,2019-12-06,23:59:59.999000,7527.47,48189.087944,362.7419138258217
842,2019-12-07,23:59:59.999000,7488.21,31498.684173,235.86876181110034
843,2019-12-08,23:59:59.999000,7510.11,29856.897631,224.2285854675494
844,2019-12-09,23:59:59.999000,7338.64,46621.887493,342.14124843162955
845,2019-12-10,23:59:59.999000,7224.13,49723.76214,359.2109217884382
846,2019-12-11,23:59:59.999000,7210.0,30093.091944,216.97119291624
847,2019-12-12,23:59:59.999000,7198.08,42288.600932,304.39673259661055
848,2019-12-13,23:59:59.999000,7258.48,27609.873795,200.4057167435316
849,2019-12-14,23:59:59.999000,7064.05,29561.985967,208.82734697018634
850,2019-12-15,23:59:59.999000,7118.59,26395.778137,187.90072228826685
851,2019-12-16,23:59:59.999000,6891.72,43863.993059,302.2983582445715
852,2019-12-17,23:59:59.999000,6623.82,53865.069929,356.7925274971088
853,2019-12-18,23:59:59.999000,7277.83,95636.651251,696.0272895740653
854,2019-12-19,23:59:59.999000,7150.3,55509.049075,396.9063536009725
855,2019-12-20,23:59:59.999000,7187.83,32132.069205,230.95985099377515
856,2019-12-21,23:59:59.999000,7132.75,19467.174028,138.85448554821699
857,2019-12-22,23:59:59.999000,7501.44,39137.45515,293.58727156041596
858,2019-12-23,23:59:59.999000,7317.09,68051.997203,497.9425882140994
859,2019-12-24,23:59:59.999000,7255.77,43629.494188,316.56557504446477
860,2019-12-25,23:59:59.999000,7204.63,27492.044323,198.07000729081548
861,2019-12-26,23:59:59.999000,7202.0,36259.761076,261.142799269352
862,2019-12-27,23:59:59.999000,7254.74,33642.701861,244.06905489907115
863,2019-12-28,23:59:59.999000,7316.14,26848.982199,196.43091262539184
864,2019-12-29,23:59:59.999000,7388.24,31387.106085,231.8954726614404
865,2019-12-30,23:59:59.999000,7246.0,29605.911782,214.524436772372
866,2019-12-31,23:59:59.999000,7195.23,25954.453533,186.7482626942476
867,2020-01-01,23:59:59.999000,7200.85,16792.388165,120.91946831794027
868,2020-01-02,23:59:59.999000,6965.71,31951.483932,222.5647711399717
869,2020-01-03,23:59:59.999000,7344.96,68428.500451,502.60459867257697
870,2020-01-04,23:59:59.999000,7354.11,29987.974977,220.53486665810547
871,2020-01-05,23:59:59.999000,7358.75,38331.085604,282.068876188435
872,2020-01-06,23:59:59.999000,7758.0,54635.695316,423.863724261528
873,2020-01-07,23:59:59.999000,8145.28,91171.684661,742.6188996355502
874,2020-01-08,23:59:59.999000,8055.98,112622.64264,907.2857566549873
875,2020-01-09,23:59:59.999000,7817.76,64239.51983,502.20914854618076
876,2020-01-10,23:59:59.999000,8197.02,82406.777448,675.490002876805
877,2020-01-11,23:59:59.999000,8020.01,54810.032667,439.57701008966666
878,2020-01-12,23:59:59.999000,8184.98,38131.494336,312.10551851027327
879,2020-01-13,23:59:59.999000,8110.34,31159.755683,252.71621290606222
880,2020-01-14,23:59:59.999000,8810.01,120399.126742,1060.7175105882873
881,2020-01-15,23:59:59.999000,8821.41,84816.297606,748.1993358645444
882,2020-01-16,23:59:59.999000,8720.01,51991.074284,453.3626876672229
883,2020-01-17,23:59:59.999000,8913.28,70897.737377,631.9313846076666
884,2020-01-18,23:59:59.999000,8915.96,38294.746545,341.4344284053582
885,2020-01-19,23:59:59.999000,8701.7,70676.889259,615.0090872650404
886,2020-01-20,23:59:59.999000,8642.35,38896.639746,336.1583745088431
887,2020-01-21,23:59:59.999000,8736.03,36494.687659,318.81868622965385
888,2020-01-22,23:59:59.999000,8682.36,29080.557138,252.48786607268568
889,2020-01-23,23:59:59.999000,8404.52,48165.944597,404.81164468437845
890,2020-01-24,23:59:59.999000,8439.0,41687.529529,351.801061695231
891,2020-01-25,23:59:59.999000,8340.58,25521.157932,212.86125942448055
892,2020-01-26,23:59:59.999000,8615.0,31130.485164,268.18912968786003
893,2020-01-27,23:59:59.999000,8907.57,53973.542996,480.77311238487965
894,2020-01-28,23:59:59.999000,9374.21,74584.853765,699.1740820124006
895,2020-01-29,23:59:59.999000,9301.53,53864.065122,501.01821765423665
896,2020-01-30,23:59:59.999000,9513.21,60626.744259,576.7549497521613
897,2020-01-31,23:59:59.999000,9352.89,45552.022352,426.04305433579725
898,2020-02-01,23:59:59.999000,9384.61,28578.067354,268.1940166710219
899,2020-02-02,23:59:59.999000,9331.51,45690.91254,426.3652072761354
900,2020-02-03,23:59:59.999000,9292.24,50892.133451,472.9019181387202
901,2020-02-04,23:59:59.999000,9197.02,53308.175266,490.2763540849073
902,2020-02-05,23:59:59.999000,9612.04,64870.415615,623.5370297080046
903,2020-02-06,23:59:59.999000,9772.0,64949.706588,634.688532777936
904,2020-02-07,23:59:59.999000,9813.73,43966.114632,431.47157814749727
905,2020-02-08,23:59:59.999000,9895.05,43600.843666,431.4325281172533
906,2020-02-09,23:59:59.999000,10151.75,43408.475616,440.6719923347281
907,2020-02-10,23:59:59.999000,9851.83,59573.084619,586.9039022420027
908,2020-02-11,23:59:59.999000,10223.08,62422.395224,638.14914016657
909,2020-02-12,23:59:59.999000,10326.46,61008.06393,629.9973318505877
910,2020-02-13,23:59:59.999000,10229.63,79344.358759,811.663432691829
911,2020-02-14,23:59:59.999000,10344.36,47038.480173,486.58297276237437
912,2020-02-15,23:59:59.999000,9904.72,57657.202947,571.0784511732098
913,2020-02-16,23:59:59.999000,9917.27,60023.999537,595.274209888304
914,2020-02-17,23:59:59.999000,9706.0,70261.011901,681.953381511106
915,2020-02-18,23:59:59.999000,10164.71,70604.124019,717.6704454571694
916,2020-02-19,23:59:59.999000,9593.79,55162.586895,529.218274527382
917,2020-02-20,23:59:59.999000,9596.42,60152.342914,577.2471465867679
918,2020-02-21,23:59:59.999000,9677.05,42181.554524,408.1930122064742
919,2020-02-22,23:59:59.999000,9650.86,24636.757623,237.7658986735058
920,2020-02-23,23:59:59.999000,9936.4,37702.089843,374.6230455159852
921,2020-02-24,23:59:59.999000,9656.13,55796.59612,538.7791856922156
922,2020-02-25,23:59:59.999000,9315.84,54379.344552,506.5892731513037
923,2020-02-26,23:59:59.999000,8785.25,92130.345482,809.3881176457405
924,2020-02-27,23:59:59.999000,8823.21,72483.578762,639.5378369686659
925,2020-02-28,23:59:59.999000,8692.91,71155.208977,618.5458276682531
926,2020-02-29,23:59:59.999000,8523.61,36748.183035,313.22718039895636
927,2020-03-01,23:59:59.999000,8531.88,43892.201779,374.4829985142145
928,2020-03-02,23:59:59.999000,8915.24,60401.31773,538.4922438792053
929,2020-03-03,23:59:59.999000,8760.07,55154.997282,483.16163704012973
930,2020-03-04,23:59:59.999000,8750.87,38696.482578,338.62788849734295
931,2020-03-05,23:59:59.999000,9054.68,58201.866355,526.9992752472914
932,2020-03-06,23:59:59.999000,9131.88,43782.948044,399.82062758404265
933,2020-03-07,23:59:59.999000,8886.66,45422.204525,403.6516880641365
934,2020-03-08,23:59:59.999000,8033.31,77537.315166,622.8812892961795
935,2020-03-09,23:59:59.999000,7929.87,116968.863268,927.5478797630152
936,2020-03-10,23:59:59.999000,7894.56,86783.443875,685.11710467782
937,2020-03-11,23:59:59.999000,7934.52,79942.411172,634.3046602924575
938,2020-03-12,23:59:59.999000,4800.0,261505.608653,1255.2269215344
939,2020-03-13,23:59:59.999000,5578.6,402201.673764,2243.7222572598507
940,2020-03-14,23:59:59.999000,5172.06,136910.135974,708.1074378656865
941,2020-03-15,23:59:59.999000,5361.3,139916.146534,750.1324364127343
942,2020-03-16,23:59:59.999000,5028.97,227276.92276,1142.9688262523573
943,2020-03-17,23:59:59.999000,5312.64,150089.926318,797.3737461540596
944,2020-03-18,23:59:59.999000,5393.04,137127.634894,739.5348200887378
945,2020-03-19,23:59:59.999000,6162.37,199020.873439,1226.4402598542902
946,2020-03-20,23:59:59.999000,6208.36,219298.329514,1361.482977021537
947,2020-03-21,23:59:59.999000,6186.98,128913.668363,797.5862878885137
948,2020-03-22,23:59:59.999000,5816.19,119115.990527,692.8012329432321
949,2020-03-23,23:59:59.999000,6467.31,164674.215785,1064.9992024884884
950,2020-03-24,23:59:59.999000,6744.72,151138.009878,1019.3835579843443
951,2020-03-25,23:59:59.999000,6677.43,132155.734989,882.4606694875981
952,2020-03-26,23:59:59.999000,6737.36,83026.555211,559.3797920163829
953,2020-03-27,23:59:59.999000,6359.11,82914.968354,527.2654044096049
954,2020-03-28,23:59:59.999000,6236.65,93159.693429,581.0044020239728
955,2020-03-29,23:59:59.999000,5881.42,63311.627714,372.3622734696739
956,2020-03-30,23:59:59.999000,6394.38,118889.549992,760.224960677845
957,2020-03-31,23:59:59.999000,6410.44,72337.595259,463.7158141521039
958,2020-04-01,23:59:59.999000,6642.92,97500.7524,647.689698133008
959,2020-04-02,23:59:59.999000,6794.09,149299.906871,1014.3570042731925
960,2020-04-03,23:59:59.999000,6734.1,104080.276939,700.8869929349199
961,2020-04-04,23:59:59.999000,6856.99,72990.861139,500.4976049215116
962,2020-04-05,23:59:59.999000,6772.78,49685.356983,336.50799206732273
963,2020-04-06,23:59:59.999000,7329.9,118052.000832,865.3093608984768
964,2020-04-07,23:59:59.999000,7197.32,103585.168918,745.5356079568996
965,2020-04-08,23:59:59.999000,7361.28,76059.145838,559.8926690743526
966,2020-04-09,23:59:59.999000,7283.54,61094.872417,444.98694704411616
967,2020-04-10,23:59:59.999000,6858.92,104674.623375,717.954867759255
968,2020-04-11,23:59:59.999000,6876.83,45470.293206,312.691476427817
969,2020-04-12,23:59:59.999000,6903.79,73868.666501,509.9737611029388
970,2020-04-13,23:59:59.999000,6837.91,96415.476573,659.2803514132825
971,2020-04-14,23:59:59.999000,6868.7,69068.623285,474.41165275767946
972,2020-04-15,23:59:59.999000,6621.24,61571.384994,407.6789171776726
973,2020-04-16,23:59:59.999000,7101.94,125009.857539,887.8125076505257
974,2020-04-17,23:59:59.999000,7027.55,54126.509763,380.37675368497065
975,2020-04-18,23:59:59.999000,7248.6,49488.542819,358.7226514778034
976,2020-04-19,23:59:59.999000,7120.74,45664.86393,325.1676231809082
977,2020-04-20,23:59:59.999000,6826.83,90149.49137,615.435252169457
978,2020-04-21,23:59:59.999000,6841.37,60109.710808,411.23277223052696
979,2020-04-22,23:59:59.999000,7125.14,61486.377334,438.0990465975767
980,2020-04-23,23:59:59.999000,7482.39,102773.569561,768.9919291475308
981,2020-04-24,23:59:59.999000,7505.0,60182.119939,451.666810142195
982,2020-04-25,23:59:59.999000,7538.67,43874.427726,330.75483206516446
983,2020-04-26,23:59:59.999000,7693.1,50522.616209,388.6755387574579
984,2020-04-27,23:59:59.999000,7774.62,65441.339576,508.7815474943611
985,2020-04-28,23:59:59.999000,7738.98,46302.752638,358.33607661042925
986,2020-04-29,23:59:59.999000,8778.57,183546.887514,1611.279200323775
987,2020-04-30,23:59:59.999000,8620.0,206277.214124,1778.10958574888
988,2020-05-01,23:59:59.999000,8826.96,91468.815059,807.3915717731907
989,2020-05-02,23:59:59.999000,8972.05,59002.08755,529.3696796029775
990,2020-05-03,23:59:59.999000,8894.16,90126.065643,801.5956479993448
991,2020-05-04,23:59:59.999000,8871.96,84418.512331,748.9576646601387
992,2020-05-05,23:59:59.999000,9021.83,76480.765342,689.9964631854159
993,2020-05-06,23:59:59.999000,9142.92,105925.30242,968.4665660018665
994,2020-05-07,23:59:59.999000,9986.4,147154.611378,1469.5448110652592
995,2020-05-08,23:59:59.999000,9800.01,100683.7964,986.7022115579641
996,2020-05-09,23:59:59.999000,9539.4,81950.679567,781.7603126614398
997,2020-05-10,23:59:59.999000,8722.77,183865.182028,1603.8136938383777
998,2020-05-11,23:59:59.999000,8561.52,168807.251832,1445.2466627047047
999,2020-05-12,23:59:59.999000,8810.79,86522.780066,762.3340453777123
